{
  "shapes": [
    {
      "fill_H": 160,
      "fill_S": 25,
      "fill_B": 100,
      "fill_O": 100,
      "stroke_H": 160,
      "stroke_S": 50,
      "stroke_B": 80,
      "stroke_O": 100,
      "indices": [
        152,
        170,
        138,
        177,
        93,
        234,
        127,
        162,
        21,
        54,
        103,
        67,
        109,
        10,
        338,
        297,
        332,
        284,
        251,
        389,
        356,
        454,
        323,
        401,
        367,
        395,
        152
      ]
    },
    {
      "fill_H": 160,
      "fill_S": 95,
      "fill_B": 0,
      "fill_O": 100,
      "stroke_H": 160,
      "stroke_S": 50,
      "stroke_B": 80,
      "stroke_O": 100,
      "indices": [
        142,
        101,
        118,
        31,
        226,
        113,
        225,
        224,
        223,
        222,
        221,
        189,
        245,
        217,
        209,
        142
      ]
    },
    {
      "fill_H": 160,
      "fill_S": 95,
      "fill_B": 0,
      "fill_O": 100,
      "stroke_H": 160,
      "stroke_S": 50,
      "stroke_B": 80,
      "stroke_O": 100,
      "indices": [
        429,
        437,
        465,
        413,
        441,
        442,
        443,
        444,
        445,
        342,
        446,
        261,
        347,
        330,
        371,
        429
      ]
    },
    {
      "fill_H": 160,
      "fill_S": 95,
      "fill_B": 0,
      "fill_O": 100,
      "stroke_H": 160,
      "stroke_S": 50,
      "stroke_B": 80,
      "stroke_O": 100,
      "indices": [
        89,
        81,
        38,
        12,
        268,
        311,
        319,
        89
      ]
    },
    {
      "fill_H": 160,
      "fill_S": 95,
      "fill_B": 0,
      "fill_O": 100,
      "stroke_H": 160,
      "stroke_S": 50,
      "stroke_B": 25,
      "stroke_O": 100,
      "indices": [
        60,
        60,
        97
      ]
    },
    {
      "fill_H": 160,
      "fill_S": 95,
      "fill_B": 0,
      "fill_O": 100,
      "stroke_H": 160,
      "stroke_S": 50,
      "stroke_B": 25,
      "stroke_O": 100,
      "indices": [
        290,
        328,
        326
      ]
    },
    {
      "fill_H": 160,
      "fill_S": 95,
      "fill_B": 0,
      "fill_O": 100,
      "stroke_H": 160,
      "stroke_S": 50,
      "stroke_B": 25,
      "stroke_O": 100,
      "indices": []
    }
  ]
}
