{
  "shapes": [
    {
      "fill_H": 145,
      "fill_S": 50,
      "fill_B": 100,
      "fill_O": 100,
      "stroke_H": 145.1023669247895,
      "stroke_S": 50,
      "stroke_B": 100,
      "stroke_O": 0,
      "indices": [
        67,
        109,
        10,
        338,
        297,
        332,
        284,
        251,
        389,
        356,
        454,
        323,
        361,
        288,
        397,
        365,
        379,
        378,
        400,
        377,
        152,
        148,
        176,
        149,
        150,
        136,
        172,
        58,
        132,
        93,
        234,
        234,
        127,
        162,
        21,
        54,
        103,
        67
      ]
    },
    {
      "fill_H": 0,
      "fill_S": 100,
      "fill_B": 0,
      "fill_O": 100,
      "stroke_H": 0,
      "stroke_S": 0,
      "stroke_B": 100,
      "stroke_O": 100,
      "indices": [
        247,
        30,
        29,
        27,
        28,
        56,
        190,
        243,
        112,
        26,
        22,
        23,
        24,
        110,
        25,
        130,
        30
      ]
    },
    {
      "fill_H": 0,
      "fill_S": 100,
      "fill_B": 0,
      "fill_O": 100,
      "stroke_H": 0,
      "stroke_S": 0,
      "stroke_B": 100,
      "stroke_O": 100,
      "indices": [
        463,
        286,
        258,
        257,
        260,
        467,
        359,
        255,
        339,
        339,
        254,
        253,
        252,
        256,
        341
      ]
    },
    {
      "fill_H": 0,
      "fill_S": 100,
      "fill_B": 0,
      "fill_O": 100,
      "stroke_H": 0,
      "stroke_S": 50,
      "stroke_B": 100,
      "stroke_O": 100,
      "indices": [
        88,
        178,
        87,
        14,
        317,
        402,
        318,
        308,
        415,
        311,
        312,
        312,
        13,
        82,
        81,
        80,
        191,
        183,
        78,
        95,
        88
      ]
    },
    {
      "fill_H": 98.68022041310596,
      "fill_S": 50,
      "fill_B": 0,
      "fill_O": 100,
      "stroke_H": 148.8133155281344,
      "stroke_S": 50,
      "stroke_B": 100,
      "stroke_O": 0,
      "indices": [
        75,
        131,
        48,
        240,
        79
      ]
    },
    {
      "fill_H": 211.008670626775,
      "fill_S": 50,
      "fill_B": 0,
      "fill_O": 100,
      "stroke_H": 0,
      "stroke_S": 50,
      "stroke_B": 100,
      "stroke_O": 0,
      "indices": [
        305,
        439,
        279,
        309,
        305,
        379
      ]
    }
  ]
}
